code,region,pop
1101053,사직동,418
1101054,삼청동,112
1101055,부암동,458
1101056,평창동,429
1101057,무악동,102
1101058,교남동,326
1101060,가회동,146
1101061,종로1·2·3·4가동,753
1101063,종로5·6가동,614
1101064,이화동,774
1101067,창신1동,1283
1101068,창신2동,1874
1101069,창신3동,319
1101070,숭인1동,527
1101071,숭인2동,838
1101072,청운효자동,204
1101073,혜화동,3433
1102052,소공동,408
1102054,회현동,629
1102055,명동,500
1102057,필동,969
1102058,장충동,1136
1102059,광희동,1693
1102060,을지로동,189
1102065,신당5동,706
1102067,황학동,1587
1102068,중림동,468
1102069,신당동,2336
1102070,다산동,877
1102071,약수동,477
1102072,청구동,386
1102073,동화동,372
1103051,후암동,835
1103052,용산2가동,1449
1103053,남영동,690
1103057,원효로2동,256
1103058,효창동,194
1103059,용문동,234
1103063,이촌1동,1468
1103064,이촌2동,228
1103065,이태원1동,2174
1103066,이태원2동,1690
1103069,서빙고동,859
1103070,보광동,1985
1103071,청파동,1093
1103072,원효로1동,702
1103073,한강로동,2058
1103074,한남동,3190
1104052,왕십리2동,644
1104054,마장동,1160
1104055,사근동,2056
1104056,행당1동,529
1104057,행당2동,228
1104058,응봉동,150
1104059,금호1가동,253
1104062,금호4가동,444
1104065,성수1가1동,633
1104066,성수1가2동,576
1104067,성수2가1동,1139
1104068,성수2가3동,501
1104069,송정동,784
1104070,용답동,1563
1104071,왕십리도선동,985
1104072,금호2·3가동,464
1104073,옥수동,777
1105053,화양동,3865
1105054,군자동,2890
1105055,중곡1동,735
1105056,중곡2동,747
1105057,중곡3동,553
1105058,중곡4동,754
1105059,능동,440
1105060,구의1동,1246
1105061,구의2동,852
1105062,구의3동,638
1105063,광장동,376
1105064,자양1동,1881
1105065,자양2동,857
1105066,자양3동,665
1105067,자양4동,6372
1106071,회기동,2759
1106072,휘경1동,2237
1106073,휘경2동,1097
1106080,청량리동,1095
1106081,용신동,2391
1106082,제기동,2937
1106083,전농1동,950
1106084,전농2동,591
1106086,답십리2동,625
1106087,장안1동,1111
1106088,장안2동,733
1106089,이문1동,3727
1106090,이문2동,844
1106091,답십리1동,737
1107052,면목2동,694
1107054,면목4동,646
1107055,면목5동,270
1107057,면목7동,646
1107059,상봉1동,357
1107060,상봉2동,702
1107061,중화1동,374
1107062,중화2동,1075
1107064,묵1동,427
1107065,묵2동,481
1107068,망우3동,717
1107069,신내1동,365
1107070,신내2동,201
1107071,면목본동,1615
1107072,면목3·8동,816
1107073,망우본동,719
1108058,돈암1동,198
1108059,돈암2동,263
1108060,안암동,2117
1108061,보문동,656
1108062,정릉1동,291
1108063,정릉2동,420
1108064,정릉3동,1888
1108065,정릉4동,662
1108066,길음1동,411
1108068,길음2동,266
1108071,월곡1동,496
1108072,월곡2동,858
1108076,장위1동,425
1108077,장위2동,462
1108078,장위3동,363
1108081,성북동,712
1108082,삼선동,852
1108083,동선동,845
1108084,종암동,2245
1108085,석관동,1574
1109060,번1동,740
1109061,번2동,264
1109062,번3동,198
1109063,수유1동,506
1109064,수유2동,355
1109065,수유3동,768
1109069,삼양동,426
1109070,미아동,878
1109071,송중동,1070
1109072,송천동,928
1109073,삼각산동,301
1109074,우이동,356
1109075,인수동,592
1110051,쌍문1동,471
1110052,쌍문2동,370
1110053,쌍문3동,364
1110054,쌍문4동,131
1110055,방학1동,519
1110056,방학2동,508
1110057,방학3동,193
1110059,창1동,324
1110060,창2동,584
1110061,창3동,288
1110062,창4동,188
1110063,창5동,263
1110064,도봉1동,359
1110065,도봉2동,314
1111051,월계1동,943
1111052,월계2동,429
1111053,월계3동,404
1111056,공릉2동,1230
1111058,하계1동,811
1111059,하계2동,139
1111060,중계본동,155
1111061,중계1동,209
1111064,중계4동,117
1111065,상계1동,338
1111066,상계2동,333
1111069,상계5동,306
1111072,상계8동,120
1111073,상계9동,227
1111074,상계10동,122
1111076,상계3·4동,316
1111077,상계6·7동,312
1111078,중계2·3동,351
1111079,공릉1동,890
1112051,녹번동,802
1112052,불광1동,681
1112055,갈현1동,475
1112056,갈현2동,733
1112057,구산동,572
1112058,대조동,783
1112059,응암1동,575
1112060,응암2동,491
1112065,신사1동,480
1112066,신사2동,346
1112067,증산동,265
1112068,수색동,124
1112071,진관동,629
1112072,불광2동,689
1112073,응암3동,712
1112074,역촌동,984
1113052,천연동,454
1113062,홍제1동,473
1113064,홍제3동,299
1113065,홍제2동,211
1113066,홍은1동,418
1113068,홍은2동,1168
1113069,남가좌1동,446
1113070,남가좌2동,1526
1113071,북가좌1동,303
1113072,북가좌2동,744
1113073,충현동,676
1113074,북아현동,567
1113075,신촌동,4938
1113076,연희동,3955
1114059,용강동,702
1114060,대흥동,1952
1114061,염리동,565
1114063,신수동,690
1114066,서교동,2285
1114068,합정동,639
1114069,망원1동,622
1114070,망원2동,455
1114071,연남동,1299
1114072,성산1동,566
1114073,성산2동,630
1114074,상암동,823
1114075,도화동,475
1114076,서강동,1051
1114077,공덕동,1285
1114078,아현동,728
1115051,목1동,362
1115052,목2동,527
1115053,목3동,436
1115054,목4동,506
1115057,신월1동,735
1115058,신월2동,469
1115059,신월3동,501
1115060,신월4동,293
1115061,신월5동,408
1115062,신월6동,133
1115063,신월7동,402
1115064,신정1동,269
1115065,신정2동,346
1115066,신정3동,1020
1115069,신정6동,123
1115070,신정7동,456
1115071,목5동,281
1115072,신정4동,1511
1116051,염창동,293
1116052,등촌1동,373
1116053,등촌2동,257
1116054,등촌3동,504
1116055,화곡본동,1008
1116057,화곡2동,710
1116058,화곡3동,413
1116059,화곡4동,786
1116061,화곡6동,509
1116063,화곡8동,1047
1116064,가양1동,558
1116065,가양2동,217
1116066,가양3동,285
1116067,발산1동,393
1116069,공항동,1155
1116070,방화1동,682
1116071,방화2동,657
1116072,방화3동,347
1116073,화곡1동,2336
1116074,우장산동,488
1117051,신도림동,677
1117052,구로1동,346
1117054,구로3동,3791
1117055,구로4동,8918
1117056,구로5동,5885
1117061,고척1동,799
1117062,고척2동,1354
1117064,개봉2동,1123
1117065,개봉3동,979
1117067,오류1동,1456
1117068,오류2동,1795
1117069,수궁동,838
1117070,가리봉동,8515
1117071,구로2동,15889
1117072,개봉1동,2092
1117073,항동,421
1118051,가산동,5316
1118052,독산1동,4065
1118053,독산2동,3445
1118054,독산3동,7854
1118055,독산4동,3892
1118057,시흥1동,4171
1118058,시흥2동,374
1118059,시흥3동,391
1118060,시흥4동,1678
1118061,시흥5동,1433
1119054,여의동,737
1119055,당산1동,910
1119056,당산2동,854
1119061,양평1동,528
1119062,양평2동,442
1119063,신길1동,3285
1119065,신길3동,2425
1119066,신길4동,1698
1119067,신길5동,2462
1119068,신길6동,2153
1119069,신길7동,491
1119070,대림1동,5550
1119071,대림2동,13689
1119072,대림3동,8115
1119073,영등포본동,4610
1119074,영등포동,1145
1119075,도림동,4950
1119076,문래동,488
1120052,노량진2동,1523
1120053,상도1동,2294
1120054,상도2동,656
1120055,상도3동,792
1120056,상도4동,850
1120063,사당1동,1186
1120065,사당3동,541
1120066,사당4동,372
1120067,사당5동,267
1120068,대방동,840
1120069,신대방1동,4328
1120070,신대방2동,617
1120071,흑석동,2858
1120072,노량진1동,631
1120073,사당2동,890
1121052,보라매동,1095
1121054,청림동,283
1121057,행운동,950
1121058,낙성대동,2033
1121061,중앙동,806
1121062,인헌동,629
1121063,남현동,445
1121064,서원동,1268
1121065,신원동,2094
1121066,서림동,1022
1121068,신사동,5296
1121069,신림동,1336
1121071,난향동,324
1121072,조원동,3348
1121073,대학동,1111
1121078,은천동,1144
1121079,성현동,510
1121080,청룡동,2222
1121081,난곡동,1165
1121082,삼성동,464
1121083,미성동,1416
1122051,서초1동,463
1122052,서초2동,565
1122053,서초3동,714
1122054,서초4동,621
1122055,잠원동,504
1122056,반포본동,130
1122057,반포1동,845
1122058,반포2동,559
1122059,반포3동,232
1122060,반포4동,999
1122061,방배본동,463
1122062,방배1동,319
1122063,방배2동,329
1122064,방배3동,367
1122065,방배4동,586
1122066,양재1동,897
1122067,양재2동,464
1122068,내곡동,269
1123051,신사동,561
1123052,논현1동,1092
1123053,논현2동,638
1123058,삼성1동,430
1123059,삼성2동,691
1123060,대치1동,225
1123063,대치4동,560
1123064,역삼1동,1514
1123065,역삼2동,727
1123066,도곡1동,336
1123067,도곡2동,614
1123068,개포1동,93
1123071,개포4동,343
1123072,일원본동,150
1123073,일원1동,329
1123074,일원2동,193
1123075,수서동,228
1123076,세곡동,586
1123077,압구정동,691
1123078,청담동,740
1123079,대치2동,381
1123080,개포2동,226
1124051,풍납1동,1396
1124052,풍납2동,403
1124053,거여1동,207
1124054,거여2동,209
1124055,마천1동,454
1124056,마천2동,441
1124057,방이1동,209
1124058,방이2동,937
1124059,오륜동,99
1124060,오금동,528
1124061,송파1동,753
1124062,송파2동,326
1124063,석촌동,1240
1124064,삼전동,830
1124065,가락본동,649
1124066,가락1동,307
1124067,가락2동,435
1124068,문정1동,361
1124069,문정2동,440
1124071,잠실본동,1054
1124075,잠실4동,226
1124077,잠실6동,345
1124078,잠실7동,121
1124079,잠실2동,344
1124080,잠실3동,506
1124081,장지동,461
1124082,위례동,258
1125051,강일동,441
1125052,상일동,332
1125053,명일1동,205
1125054,명일2동,96
1125055,고덕1동,288
1125056,고덕2동,321
1125058,암사2동,147
1125059,암사3동,154
1125061,천호1동,614
1125063,천호3동,1001
1125065,성내1동,315
1125066,성내2동,1389
1125067,성내3동,476
1125070,둔촌1동,
1125071,둔촌2동,379
1125072,암사1동,698
1125073,천호2동,1526
1125074,길동,789
2101051,중앙동,414
2101052,동광동,298
2101053,대청동,103
2101054,보수동,311
2101056,부평동,321
2101057,광복동,25
2101058,남포동,326
2101059,영주1동,397
2101060,영주2동,241
2102051,동대신1동,52
2102052,동대신2동,88
2102053,동대신3동,79
2102054,서대신1동,126
2102056,서대신3동,96
2102057,서대신4동,52
2102059,부민동,383
2102061,아미동,117
2102063,초장동,73
2102064,충무동,532
2102065,남부민1동,362
2102068,암남동,582
2102069,남부민2동,296
2103051,초량1동,971
2103052,초량2동,557
2103053,초량3동,487
2103055,초량6동,105
2103056,수정1동,51
2103057,수정2동,145
2103059,수정4동,76
2103060,수정5동,44
2103066,범일2동,153
2103068,범일5동,25
2103070,좌천동,129
2103071,범일1동,171
2104053,남항동,593
2104054,영선1동,168
2104055,영선2동,156
2104059,봉래1동,181
2104063,청학1동,110
2104064,청학2동,320
2104065,동삼1동,789
2104066,동삼2동,233
2104067,동삼3동,152
2104068,신선동,133
2104069,봉래2동,76
2105052,부전2동,206
2105054,연지동,152
2105055,초읍동,171
2105056,양정1동,231
2105057,양정2동,115
2105061,전포2동,301
2105064,부암1동,197
2105066,부암3동,113
2105068,당감2동,119
2105070,당감4동,108
2105072,가야2동,223
2105074,개금1동,244
2105075,개금2동,177
2105076,개금3동,239
2105077,범천1동,167
2105080,당감제1동,340
2105081,가야제1동,907
2105082,부전1동,226
2105083,전포1동,235
2105084,범천2동,230
2106051,수민동,251
2106052,복산동,67
2106055,온천1동,273
2106056,온천2동,125
2106057,온천3동,331
2106058,사직1동,103
2106059,사직2동,161
2106060,사직3동,152
2106061,안락1동,137
2106062,안락2동,225
2106063,명장1동,108
2106064,명장2동,112
2106065,명륜동,172
2107053,대연3동,3259
2107054,대연4동,111
2107055,대연5동,331
2107056,대연6동,133
2107057,용호1동,704
2107058,용호2동,262
2107059,용호3동,167
2107060,용호4동,140
2107061,용당동,336
2107062,감만1동,240
2107063,감만2동,113
2107066,문현1동,135
2107067,문현2동,141
2107068,문현3동,172
2107069,문현4동,130
2107070,대연1동,1565
2107071,우암동,130
2108051,구포1동,264
2108052,구포2동,452
2108053,구포3동,1679
2108054,금곡동,411
2108055,화명1동,256
2108056,덕천1동,135
2108057,덕천2동,222
2108058,덕천3동,175
2108059,만덕1동,139
2108060,만덕2동,210
2108061,만덕3동,139
2108062,화명2동,155
2108063,화명3동,209
2109053,중1동,591
2109054,중2동,441
2109056,송정동,181
2109058,반여2동,190
2109059,반여3동,145
2109062,반송2동,429
2109064,재송1동,350
2109065,재송2동,273
2109066,좌1동,172
2109067,좌2동,347
2109068,좌3동,259
2109069,좌4동,88
2109070,반여1동,340
2109071,반여4동,80
2109072,반송1동,1083
2109073,우1동,441
2109074,우2동,391
2109075,우3동,739
2110051,괴정1동,214
2110052,괴정2동,188
2110053,괴정3동,144
2110054,괴정4동,150
2110055,당리동,251
2110056,하단1동,361
2110057,하단2동,658
2110058,신평1동,666
2110059,신평2동,631
2110060,장림1동,1015
2110061,장림2동,833
2110062,다대1동,1212
2110063,다대2동,365
2110064,구평동,258
2110065,감천1동,454
2110066,감천2동,98
2111051,서1동,48
2111052,서2동,144
2111057,부곡1동,125
2111058,부곡2동,158
2111059,부곡3동,161
2111060,부곡4동,132
2111061,장전1동,1852
2111062,장전2동,699
2111064,선두구동,21
2111067,청룡노포동,121
2111068,남산동,1292
2111069,구서1동,178
2111070,구서2동,208
2111071,금성동,9
2111072,서3동,195
2111073,금사회동동,348
2112051,대저1동,217
2112052,대저2동,237
2112053,강동동,221
2112055,가락동,145
2112056,녹산동,5296
2112058,가덕도동,67
2112059,명지1동,524
2112060,명지2동,278
2113051,거제1동,139
2113052,거제2동,61
2113053,거제3동,81
2113054,거제4동,78
2113055,연산1동,135
2113056,연산2동,194
2113057,연산3동,91
2113058,연산4동,204
2113059,연산5동,240
2113060,연산6동,188
2113062,연산8동,143
2113063,연산9동,262
2114051,남천1동,192
2114052,남천2동,159
2114053,수영동,248
2114054,망미1동,204
2114055,망미2동,158
2114056,광안1동,330
2114057,광안2동,430
2114058,광안3동,128
2114059,광안4동,167
2114060,민락동,439
2115051,삼락동,724
2115052,모라1동,677
2115054,모라3동,160
2115055,덕포1동,482
2115056,덕포2동,522
2115057,괘법동,1239
2115060,주례1동,172
2115061,주례2동,1118
2115062,주례3동,199
2115063,학장동,1015
2115064,엄궁동,562
2115065,감전동,833
2131011,기장읍,872
2131012,장안읍,487
2131013,정관읍,1727
2131031,일광면,244
2131033,철마면,179
2201054,삼덕동,154
2201056,성내1동,108
2201059,성내2동,125
2201061,성내3동,38
2201062,대신동,58
2201064,남산1동,90
2201065,남산2동,57
2201066,남산3동,87
2201067,남산4동,119
2201068,대봉1동,63
2201069,대봉2동,24
2201070,동인동,158
2202051,신암1동,113
2202052,신암2동,102
2202053,신암3동,95
2202054,신암4동,174
2202055,신암5동,96
2202056,신천1·2동,84
2202058,신천3동,105
2202059,신천4동,144
2202060,효목1동,197
2202061,효목2동,114
2202062,도평동,45
2202063,불로·봉무동,303
2202065,지저동,215
2202066,동촌동,276
2202068,방촌동,206
2202069,해안동,208
2202071,공산동,127
2202073,안심1동,605
2202074,안심2동,159
2202076,안심3동,219
2202077,안심4동,299
2202078,혁신동,144
2203051,내당1동,95
2203052,내당2·3동,150
2203053,내당4동,212
2203054,비산1동,226
2203055,비산2·3동,186
2203056,비산4동,150
2203057,비산5동,324
2203058,비산6동,150
2203059,비산7동,1491
2203060,평리1동,120
2203061,평리2동,96
2203062,평리3동,199
2203063,평리4동,229
2203064,평리5동,57
2203065,평리6동,166
2203066,상중이동,595
2203068,원대동,166
2204051,이천동,144
2204053,봉덕1동,114
2204054,봉덕2동,120
2204055,봉덕3동,300
2204056,대명1동,142
2204057,대명2동,182
2204058,대명3동,254
2204059,대명4동,133
2204060,대명5동,560
2204061,대명6동,99
2204064,대명9동,217
2204065,대명10동,123
2204066,대명11동,127
2205051,고성동,46
2205052,칠성동,251
2205055,침산1동,261
2205056,침산2동,155
2205057,침산3동,206
2205061,산격1동,168
2205062,산격2동,195
2205063,산격3동,1395
2205064,산격4동,238
2205065,복현1동,562
2205066,복현2동,611
2205070,검단동,304
2205071,무태조야동,436
2205074,태전2동,305
2205075,관문동,422
2205076,읍내동,291
2205077,관음동,291
2205078,태전1동,314
2205079,구암동,331
2205081,노원동,644
2205082,동천동,200
2205083,국우동,280
2205084,대현동,775
2206051,범어1동,89
2206052,범어2동,219
2206053,범어3동,132
2206054,범어4동,108
2206055,만촌1동,143
2206056,만촌2동,171
2206057,만촌3동,309
2206058,수성1가동,93
2206059,수성2·3가동,77
2206060,수성4가동,100
2206061,황금1동,76
2206062,황금2동,158
2206063,중동,146
2206064,상동,204
2206065,파동,68
2206066,두산동,162
2206067,지산1동,252
2206068,지산2동,104
2206069,범물1동,96
2206070,범물2동,83
2206071,고산1동,131
2206072,고산2동,139
2206073,고산3동,178
2207055,두류3동,127
2207056,본리동,704
2207057,감삼동,310
2207058,죽전동,286
2207059,장기동,643
2207060,이곡1동,835
2207061,신당동,5451
2207062,월성1동,204
2207063,월성2동,1539
2207064,진천동,786
2207065,상인1동,177
2207066,상인2동,244
2207067,상인3동,152
2207068,도원동,230
2207069,송현1동,664
2207070,송현2동,401
2207071,본동,1107
2207072,용산1동,416
2207073,용산2동,474
2207074,이곡2동,744
2207075,성당동,406
2207076,두류1·2동,279
2231011,화원읍,758
2231012,논공읍,4117
2231013,다사읍,1539
2231035,유가읍,518
2231033,옥포읍,498
2231034,현풍읍,1080
2231031,가창면,93
2231032,하빈면,170
2231036,구지면,1421
2301052,연안동,492
2301053,신포동,586
2301054,신흥동,807
2301056,도원동,183
2301057,율목동,239
2301058,동인천동,447
2301060,북성동,700
2301061,송월동,336
2301063,용유동,140
2301064,운서동,1139
2301062,영종동,569
2301066,영종1동,1260
2302051,만석동,270
2302052,화수1·화평동,209
2302053,화수2동,195
2302055,송현1·2동,244
2302057,송현3동,196
2302058,송림1동,55
2302059,송림2동,80
2302060,송림3·5동,171
2302061,송림4동,141
2302063,송림6동,203
2302064,금창동,64
2304051,옥련1동,834
2304052,선학동,2429
2304053,연수1동,7713
2304054,연수2동,1162
2304055,연수3동,391
2304056,청학동,1602
2304057,동춘1동,456
2304058,동춘2동,287
2304059,동춘3동,154
2304060,옥련2동,678
2304064,송도1동,1417
2304065,송도3동,1808
2304063,송도2동,1296
2304066,송도4동,473
2304067,송도5동,541
2305051,구월1동,707
2305052,구월2동,420
2305053,구월3동,1675
2305054,구월4동,600
2305055,간석1동,838
2305056,간석2동,686
2305057,간석3동,1669
2305058,간석4동,1616
2305059,만수1동,445
2305060,만수2동,445
2305061,만수3동,469
2305062,만수4동,263
2305063,만수5동,420
2305064,만수6동,282
2305065,장수서창동,317
2305072,논현1동,1013
2305073,논현2동,2883
2305074,논현고잔동,5187
2305067,남촌도림동,1568
2305075,서창2동,660
2306051,부평1동,3298
2306052,부평2동,2355
2306053,부평3동,1088
2306054,부평4동,4479
2306055,부평5동,5479
2306056,부평6동,2252
2306057,산곡1동,319
2306058,산곡2동,300
2306059,산곡3동,305
2306060,산곡4동,140
2306061,청천1동,678
2306062,청천2동,1318
2306063,갈산1동,616
2306064,갈산2동,419
2306065,삼산1동,601
2306066,부개1동,773
2306067,부개2동,568
2306068,부개3동,484
2306069,일신동,424
2306070,십정1동,850
2306071,십정2동,2932
2306072,삼산2동,253
2307051,효성1동,440
2307052,효성2동,757
2307053,계산1동,759
2307054,계산2동,916
2307055,계산3동,331
2307056,작전1동,474
2307057,작전2동,476
2307058,작전서운동,794
2307061,계양2동,877
2307062,계산4동,260
2307063,계양1동,439
2307064,계양3동,612
2308051,검암경서동,2006
2308053,연희동,1125
2308054,가정1동,851
2308055,가정2동,143
2308056,가정3동,205
2308058,석남1동,1183
2308059,석남2동,1722
2308060,석남3동,501
2308062,가좌1동,2286
2308063,가좌2동,289
2308064,가좌3동,671
2308065,가좌4동,450
2308073,신현원창동,1409
2308074,청라1동,570
2308078,청라2동,889
2308079,청라3동,574
2308080,검단동,2208
2308081,불로대곡동,680
2308082,원당동,552
2308083,당하동,623
2308084,오류왕길동,3139
2308085,마전동,460
2303052,숭의2동,837
2303054,숭의4동,936
2303056,용현2동,475
2303057,용현3동,364
2303059,용현5동,1204
2303060,학익1동,636
2303061,학익2동,254
2303062,도화1동,1160
2303065,주안1동,1578
2303066,주안2동,435
2303067,주안3동,219
2303068,주안4동,413
2303069,주안5동,1560
2303070,주안6동,816
2303071,주안7동,311
2303072,주안8동,470
2303073,관교동,315
2303074,문학동,388
2303075,숭의1·3동,996
2303076,용현1·4동,2365
2303077,도화2·3동,1262
2331011,강화읍,558
2331031,선원면,149
2331032,불은면,267
2331033,길상면,124
2331034,화도면,65
2331035,양도면,77
2331036,내가면,75
2331037,하점면,86
2331038,양사면,31
2331039,송해면,131
2331040,교동면,61
2331041,삼산면,75
2331042,서도면,7
2332031,북도면,13
2332032,연평면,68
2332033,백령면,112
2332034,대청면,26
2332035,덕적면,17
2332036,자월면,36
2332037,영흥면,141
2401051,충장동,112
2401054,동명동,286
2401056,계림1동,104
2401058,계림2동,78
2401059,산수1동,145
2401061,산수2동,78
2401062,지산1동,410
2401063,지산2동,326
2401064,서남동,545
2401068,학동,166
2401071,학운동,181
2401072,지원1동,93
2401073,지원2동,128
2402051,양동,71
2402053,양3동,84
2402054,농성1동,181
2402055,농성2동,88
2402056,광천동,128
2402057,유덕동,209
2402058,상무1동,364
2402059,상무2동,415
2402060,화정1동,224
2402061,화정2동,143
2402062,화정3동,107
2402063,화정4동,137
2402064,서창동,140
2402066,치평동,334
2402067,풍암동,398
2402068,금호1동,244
2402069,금호2동,154
2402070,동천동,235
2403051,양림동,74
2403052,방림1동,85
2403053,방림2동,112
2403054,사직동,117
2403057,월산동,90
2403060,월산4동,223
2403061,월산5동,96
2403062,백운1동,132
2403063,백운2동,105
2403064,주월1동,304
2403065,주월2동,133
2403066,효덕동,754
2403067,송암동,409
2403068,봉선1동,200
2403069,봉선2동,154
2403070,대촌동,141
2404051,중흥1동,93
2404052,중흥2동,127
2404053,중흥3동,125
2404054,중앙동,49
2404055,임동,133
2404056,신안동,189
2404057,용봉동,2345
2404058,운암1동,141
2404059,운암2동,217
2404060,운암3동,145
2404061,동림동,298
2404062,우산동,233
2404063,풍향동,71
2404064,문화동,254
2404065,문흥1동,146
2404066,문흥2동,298
2404067,두암1동,172
2404068,두암2동,249
2404069,두암3동,142
2404070,삼각동,179
2404071,매곡동,115
2404072,오치1동,399
2404073,오치2동,189
2404074,석곡동,67
2404078,일곡동,343
2404079,건국동,852
2404080,양산동,980
2404081,신용동,360
2405051,송정1동,475
2405052,송정2동,306
2405054,도산동,483
2405055,신흥동,128
2405056,어룡동,2211
2405058,우산동,1359
2405059,월곡1동,2196
2405060,월곡2동,5446
2405061,비아동,678
2405063,하남동,2545
2405064,임곡동,91
2405065,동곡동,109
2405066,평동,1727
2405067,삼도동,64
2405068,본량동,28
2405069,첨단1동,209
2405070,첨단2동,1457
2405071,운남동,734
2405073,신창동,374
2405074,신가동,363
2405075,수완동,1149
2501053,효동,349
2501055,판암1동,122
2501056,판암2동,189
2501057,용운동,853
2501060,자양동,2455
2501063,가양1동,508
2501064,가양2동,406
2501065,용전동,421
2501068,홍도동,511
2501073,대청동,22
2501075,산내동,374
2501076,중앙동,114
2501077,신인동,208
2501078,대동,197
2501079,성남동,243
2501080,삼성동,331
2502051,은행선화동,385
2502053,목동,104
2502054,중촌동,251
2502055,대흥동,239
2502056,문창동,130
2502057,석교동,296
2502058,대사동,122
2502059,부사동,145
2502060,용두동,145
2502062,오류동,117
2502063,태평1동,141
2502064,태평2동,201
2502065,유천1동,128
2502066,유천2동,230
2502067,문화1동,185
2502068,문화2동,186
2502069,산성동,559
2503051,복수동,280
2503052,도마1동,629
2503053,도마2동,816
2503054,정림동,226
2503055,변동,303
2503056,용문동,247
2503057,탄방동,351
2503059,둔산1동,158
2503060,둔산2동,203
2503061,괴정동,297
2503062,가장동,114
2503063,내동,247
2503064,갈마1동,290
2503065,갈마2동,303
2503066,월평1동,332
2503067,월평2동,149
2503068,월평3동,122
2503069,만년동,307
2503070,가수원동,548
2503071,기성동,60
2503072,관저1동,171
2503073,관저2동,459
2503074,둔산3동,111
2504051,진잠동,484
2504054,온천2동,3762
2504055,신성동,1153
2504057,전민동,388
2504059,노은1동,253
2504061,구즉동,723
2504063,관평동,887
2504064,온천1동,941
2504065,원신흥동,509
2504066,노은2동,249
2504067,노은3동,358
2505051,오정동,924
2505052,대화동,543
2505053,회덕동,344
2505054,비래동,203
2505055,중리동,526
2505056,법1동,203
2505057,법2동,133
2505058,신탄진동,330
2505059,석봉동,290
2505060,덕암동,503
2505061,목상동,510
2505062,송촌동,255
2601051,학성동,499
2601052,반구1동,690
2601053,반구2동,278
2601054,복산1동,82
2601055,복산2동,194
2601059,우정동,281
2601060,태화동,284
2601061,다운동,418
2601062,병영1동,493
2601063,병영2동,455
2601064,약사동,86
2601066,성안동,239
2601067,중앙동,418
2602051,신정1동,502
2602052,신정2동,364
2602053,신정3동,391
2602054,신정4동,333
2602055,신정5동,206
2602056,달동,535
2602057,삼산동,1067
2602058,삼호동,455
2602059,무거동,1739
2602060,옥동,278
2602061,야음장생포동,1451
2602062,대현동,572
2602063,수암동,133
2602064,선암동,462
2603051,방어동,2203
2603052,일산동,286
2603053,화정동,718
2603054,대송동,435
2603055,전하1동,487
2603058,남목1동,197
2603059,남목2동,603
2603060,남목3동,519
2603061,전하2동,557
2604051,농소1동,1032
2604052,농소2동,1256
2604053,농소3동,636
2604054,강동동,510
2604056,효문동,714
2604057,송정동,366
2604058,양정동,155
2604059,염포동,394
2631011,온산읍,5089
2631012,언양읍,1434
2631013,온양읍,888
2631014,범서읍,670
2631033,청량읍,532
2631031,서생면,335
2631034,웅촌면,1170
2631036,두동면,66
2631037,두서면,218
2631038,상북면,560
2631039,삼남읍,701
2631040,삼동면,110
2901011,조치원읍,2496
2901031,연기면,146
2901032,연동면,408
2901033,부강면,400
2901034,금남면,603
2901035,장군면,797
2901036,연서면,411
2901037,전의면,653
2901038,전동면,266
2901039,소정면,339
2901053,도담동,421
2901056,종촌동,313
2901059,아름동,134
2901060,고운동,327
2901057,한솔동,157
2901062,새롬동,375
2901063,대평동,97
2901064,소담동,641
2901065,다정동,181
2901058,보람동,147
3101154,파장동,759
3101155,율천동,2947
3101156,정자1동,407
3101157,정자2동,956
3101158,영화동,3470
3101159,송죽동,621
3101160,조원1동,844
3101161,연무동,1664
3101162,정자3동,424
3101163,조원2동,106
3101252,세류1동,2374
3101253,세류2동,4666
3101254,세류3동,2573
3101255,평동,1731
3101256,서둔동,2046
3101257,구운동,1212
3101260,권선1동,1278
3101261,곡선동,1032
3101262,입북동,269
3101264,권선2동,652
3101265,금곡동,834
3101266,호매실동,838
3101353,지동,2495
3101354,우만1동,1228
3101355,우만2동,497
3101356,인계동,2432
3101367,매교동,1541
3101368,매산동,4306
3101369,고등동,5308
3101370,화서1동,3335
3101371,화서2동,517
3101372,행궁동,1776
3101451,매탄1동,1788
3101452,매탄2동,869
3101453,매탄3동,1036
3101454,매탄4동,637
3101465,망포1동,407
3101466,망포2동,333
3101460,원천동,1568
3101462,광교1동,903
3101463,광교2동,443
3101457,영통1동,737
3101458,영통2동,646
3101464,영통3동,1985
3102151,신흥1동,1749
3102152,신흥2동,208
3102153,신흥3동,943
3102154,태평1동,2575
3102155,태평2동,662
3102156,태평3동,1603
3102157,태평4동,372
3102158,수진1동,3665
3102159,수진2동,3591
3102160,단대동,282
3102161,산성동,486
3102162,양지동,248
3102164,신촌동,104
3102165,고등동,102
3102166,시흥동,64
3102167,복정동,877
3102168,위례동,590
3102251,성남동,1389
3102253,금광1동,164
3102254,금광2동,827
3102255,은행1동,167
3102256,은행2동,519
3102257,상대원1동,894
3102258,상대원2동,711
3102259,상대원3동,439
3102260,하대원동,391
3102261,도촌동,372
3102262,중앙동,637
3102351,분당동,249
3102352,수내3동,152
3102353,수내1동,394
3102354,수내2동,79
3102355,정자2동,194
3102356,정자3동,162
3102358,서현1동,405
3102359,서현2동,108
3102360,이매1동,208
3102361,이매2동,79
3102362,야탑1동,195
3102363,야탑3동,352
3102364,야탑2동,144
3102367,구미동,350
3102368,운중동,460
3102371,금곡동,479
3102372,구미1동,222
3102374,삼평동,414
3102375,판교동,325
3102376,백현동,632
3102377,정자1동,1216
3102378,정자동,324
3103051,의정부1동,1813
3103052,의정부2동,1169
3103055,호원1동,1045
3103056,장암동,194
3103057,신곡1동,520
3103058,신곡2동,595
3103059,송산1동,778
3103060,자금동,458
3103064,녹양동,584
3103065,호원2동,420
3103066,송산2동,382
3103069,송산3동,544
3103067,흥선동,522
3103068,가능동,744
3104151,안양1동,421
3104152,안양2동,1652
3104153,안양3동,1424
3104154,안양4동,517
3104155,안양5동,874
3104156,안양6동,1117
3104157,안양7동,303
3104158,안양8동,788
3104159,안양9동,279
3104160,석수1동,256
3104161,석수2동,1017
3104162,석수3동,251
3104163,박달1동,1379
3104164,박달2동,305
3104251,비산1동,178
3104252,비산2동,58
3104253,비산3동,260
3104254,부흥동,94
3104255,달안동,184
3104256,관양1동,637
3104257,관양2동,556
3104258,부림동,448
3104259,평촌동,81
3104260,평안동,106
3104261,귀인동,110
3104262,호계1동,130
3104263,호계2동,267
3104264,호계3동,311
3104265,범계동,133
3104266,신촌동,65
3104267,갈산동,93
3105087,심곡동,10630
3105088,부천동,7096
3105061,중동,2528
3105062,상동,801
3105089,신중동,2374
3105090,대산동,9630
3105075,소사본동,7415
3105091,범안동,4238
3105080,성곡동,2198
3105083,오정동,4322
3106051,광명1동,35
3106052,광명2동,645
3106053,광명3동,1883
3106054,광명4동,1473
3106055,광명5동,898
3106056,광명6동,289
3106057,광명7동,558
3106058,철산1동,136
3106059,철산2동,686
3106060,철산3동,381
3106061,철산4동,502
3106062,하안1동,600
3106063,하안2동,297
3106064,하안3동,376
3106065,하안4동,194
3106066,소하1동,444
3106067,소하2동,751
3106068,학온동,123
3107011,팽성읍,2281
3107012,안중읍,3754
3107013,포승읍,5569
3107014,청북읍,2705
3107031,진위면,847
3107032,서탄면,1399
3107033,고덕면,675
3107034,오성면,700
3107037,현덕면,190
3107051,중앙동,1445
3107052,서정동,1588
3107053,송탄동,1349
3107055,지산동,1022
3107056,송북동,1073
3107057,신장1동,1136
3107058,신장2동,723
3107059,신평동,2420
3107060,원평동,1798
3107061,통복동,1393
3107062,비전1동,2641
3107064,세교동,1384
3107063,비전2동,1744
3107065,용이동,1776
3108051,생연1동,354
3108052,생연2동,402
3108053,중앙동,573
3108055,보산동,1162
3108056,불현동,862
3108058,소요동,1074
3108060,상패동,400
3108061,송내동,748
3109151,일동,1838
3109154,본오1동,2778
3109155,본오2동,1588
3109156,본오3동,1977
3109157,부곡동,986
3109158,월피동,1367
3109162,성포동,329
3109171,반월동,658
3109173,안산동,377
3109174,이동,4983
3109176,사동,3683
3109177,사이동,1138
3109178,해양동,3255
3109259,와동,3575
3109266,초지동,7655
3109268,선부1동,2451
3109269,선부2동,10118
3109270,선부3동,3554
3109272,대부동,272
3109273,호수동,752
3109274,고잔동,1126
3109275,중앙동,747
3109276,원곡동,26896
3109277,신길동,4843
3109278,백운동,6693
3110151,주교동,581
3110152,원신동,420
3110153,흥도동,773
3110154,성사1동,795
3110155,성사2동,134
3110156,효자동,104
3110158,창릉동,399
3110159,고양동,626
3110160,관산동,1365
3110161,능곡동,340
3110162,화정1동,669
3110163,화정2동,379
3110164,행주동,945
3110165,행신1동,294
3110166,행신2동,420
3110167,화전동,461
3110168,대덕동,149
3110169,행신3동,704
3110170,삼송동,399
3110351,식사동,838
3110352,중산동,1076
3110353,정발산동,756
3110354,풍산동,576
3110355,백석1동,511
3110356,마두1동,365
3110357,마두2동,137
3110358,장항1동,628
3110359,장항2동,799
3110360,고봉동,1770
3110361,백석2동,520
3110451,일산1동,768
3110452,일산2동,1704
3110453,일산3동,204
3110454,탄현동,862
3110455,주엽1동,268
3110456,주엽2동,308
3110457,대화동,1051
3110458,송포동,361
3110459,송산동,1192
3111051,중앙동,114
3111052,갈현동,77
3111053,별양동,74
3111054,부림동,63
3111055,과천동,167
3111056,문원동,63
3112051,갈매동,352
3112052,동구동,398
3112053,인창동,247
3112054,교문1동,437
3112055,교문2동,220
3112056,수택1동,476
3112057,수택2동,510
3112058,수택3동,405
3113011,와부읍,738
3113012,진접읍,3503
3113013,화도읍,3330
3113014,진건읍,976
3113015,오남읍,1363
3113031,별내면,304
3113032,퇴계원읍,457
3113034,수동면,678
3113035,조안면,82
3113051,호평동,574
3113052,평내동,404
3113053,금곡동,259
3113054,양정동,171
3113057,별내동,1151
3113058,다산1동,768
3113059,다산2동,366
3114051,중앙동,3744
3114052,대원동,4689
3114053,남촌동,6816
3114054,신장동,2810
3114055,세마동,1074
3114056,초평동,717
3115051,대야동,1188
3115052,신천동,1536
3115053,신현동,633
3115054,은행동,1158
3115055,매화동,544
3115056,목감동,1035
3115059,과림동,293
3115061,정왕2동,5063
3115062,정왕3동,3537
3115064,정왕본동,20382
3115065,정왕1동,18177
3115067,능곡동,481
3115068,군자동,1561
3115069,월곶동,1214
3115070,연성동,472
3115071,장곡동,529
3115063,정왕4동,852
3115072,배곧동,3742
3116051,군포1동,3450
3116052,군포2동,1228
3116054,산본1동,4167
3116055,산본2동,368
3116056,금정동,1945
3116057,재궁동,535
3116058,오금동,340
3116059,수리동,232
3116060,궁내동,117
3116061,광정동,352
3116062,대야동,374
3117051,고천동,366
3117052,부곡동,787
3117053,오전동,502
3117054,내손1동,206
3117055,내손2동,195
3117056,청계동,359
3118051,천현동,443
3118052,신장1동,215
3118053,신장2동,544
3118054,덕풍1동,376
3118055,덕풍2동,538
3118056,덕풍3동,454
3118059,춘궁동,221
3118060,초이동,198
3118061,풍산동,373
3118062,미사1동,593
3118063,미사2동,581
3118064,감북동,179
3118066,감일동,135
3118065,위례동,237
3119111,포곡읍,1374
3119131,모현읍,2175
3119133,이동읍,1769
3119132,남사면,1394
3119134,원삼면,902
3119135,백암면,1032
3119136,양지면,1059
3119151,중앙동,3036
3119152,역삼동,1301
3119153,유림동,1247
3119154,동부동,1306
3119252,구갈동,1453
3119253,상갈동,527
3119254,기흥동,654
3119255,서농동,1132
3119256,구성동,452
3119257,마북동,473
3119265,동백1동,359
3119266,동백2동,235
3119267,동백3동,266
3119259,보정동,557
3119260,상하동,498
3119261,신갈동,1666
3119263,영덕1동,485
3119264,영덕2동,249
3319265,보라동,411
3119351,풍덕천1동,925
3119352,풍덕천2동,536
3119353,신봉동,400
3119354,죽전1동,1247
3119355,죽전2동,204
3119356,동천동,1189
3119357,상현1동,427
3119358,상현2동,243
3119359,성복동,733
3120011,문산읍,1625
3120012,파주읍,1253
3120013,법원읍,1061
3120015,조리읍,1948
3120031,월롱면,1018
3120032,탄현면,1449
3120035,광탄면,2498
3120036,파평면,320
3120037,적성면,409
3120038,군내면,8
3120052,금촌2동,718
3120053,금촌1동,1267
3120054,금촌3동,973
3120055,교하동,1605
3120056,운정1동,988
3120057,운정2동,766
3120058,운정3동,1548
3121011,장호원읍,933
3121012,부발읍,1136
3121031,신둔면,986
3121032,백사면,1408
3121033,호법면,888
3121034,마장면,1106
3121035,대월면,694
3121036,모가면,903
3121037,설성면,438
3121038,율면,547
3121051,창전동,1020
3121052,중리동,858
3121053,관고동,558
3121054,증포동,761
3122011,공도읍,3271
3122031,보개면,520
3122032,금광면,350
3122033,서운면,661
3122034,미양면,1096
3122035,대덕면,5112
3122036,양성면,803
3122038,원곡면,819
3122039,일죽면,1229
3122040,죽산면,892
3122041,삼죽면,571
3122042,고삼면,183
3122051,안성1동,1084
3122052,안성2동,1788
3122053,안성3동,1509
3123011,통진읍,5689
3123012,고촌읍,782
3123013,양촌읍,5582
3123034,대곶면,7244
3123035,월곶면,2077
3123036,하성면,1914
3123053,사우동,1097
3123054,풍무동,1217
3123056,장기동,1034
3123060,운양동,1161
3123062,김포본동,1461
3123061,장기본동,741
3123058,구래동,1195
3123063,마산동,1030
3124012,봉담읍,4576
3124013,우정읍,3952
3124014,향남읍,14103
3124015,남양읍,5402
3124031,매송면,270
3124033,비봉면,918
3124035,마도면,2969
3124036,송산면,1512
3124037,서신면,1270
3124038,팔탄면,6009
3124039,장안면,4790
3124042,양감면,2726
3124043,정남면,3451
3124052,진안동,1861
3124053,병점1동,1045
3124054,병점2동,568
3124055,반월동,445
3124056,기배동,463
3124057,화산동,1357
3124060,동탄2동,435
3124061,동탄1동,1169
3124062,동탄3동,583
3124063,동탄4동,360
3124064,동탄5동,752
3124066,새솔동,375
3124067,동탄7동,897
3124065,동탄6동,853
3124068,동탄8동,382
3125011,오포읍,4151
3125012,초월읍,3986
3125014,곤지암읍,4290
3125034,도척면,1690
3125035,퇴촌면,281
3125036,남종면,19
3125038,남한산성면,29
3125051,경안동,2824
3125052,송정동,2179
3125053,광남동,2462
3126011,백석읍,1111
3126031,은현면,1930
3126032,남면,1621
3126033,광적면,2132
3126034,장흥면,274
3126051,양주1동,130
3126052,양주2동,1025
3126053,회천1동,805
3126054,회천2동,1243
3126055,회천3동,801
3126056,회천4동,1291
3127011,소흘읍,3526
3127031,군내면,1445
3127032,내촌면,1379
3127033,가산면,4628
3127034,신북면,1790
3127035,창수면,282
3127036,영중면,663
3127037,일동면,711
3127038,이동면,337
3127039,영북면,213
3127040,관인면,110
3127041,화현면,551
3127051,포천동,943
3127052,선단동,3068
3128011,가남읍,1319
3128031,점동면,238
3128032,능서면,515
3128033,흥천면,565
3128034,금사면,157
3128035,산북면,125
3128036,대신면,553
3128037,북내면,274
3128038,강천면,217
3128051,여흥동,883
3128052,중앙동,869
3128053,오학동,433
3135011,연천읍,158
3135012,전곡읍,556
3135031,군남면,119
3135032,청산면,435
3135033,백학면,233
3135034,미산면,69
3135035,왕징면,25
3135036,신서면,80
3135037,중면,12
3135038,장남면,51
3137011,가평읍,528
3137031,설악면,895
3137032,청평면,379
3137033,상면,142
3137035,북면,136
3137036,조종면,177
3138011,양평읍,663
3138031,강상면,236
3138032,강하면,81
3138033,양서면,275
3138034,옥천면,200
3138035,서종면,108
3138036,단월면,95
3138037,청운면,130
3138038,양동면,185
3138039,지평면,541
3138040,용문면,388
3138041,개군면,265
3201011,신북읍,235
3201031,동면,322
3201032,동산면,65
3201033,신동면,52
3201034,동내면,270
3201035,남면,11
3201036,남산면,148
3201037,서면,92
3201038,사북면,68
3201039,북산면,11
3201052,교동,699
3201053,조운동,58
3201054,약사명동,31
3201057,근화동,112
3201058,소양동,338
3201060,후평1동,727
3201061,후평2동,294
3201062,후평3동,288
3201063,효자1동,72
3201064,효자2동,1082
3201065,효자3동,583
3201066,석사동,514
3201067,퇴계동,500
3201068,강남동,201
3201071,신사우동,299
3202011,문막읍,1247
3202031,소초면,205
3202032,호저면,135
3202033,지정면,380
3202034,부론면,87
3202035,귀래면,46
3202036,흥업면,672
3202037,판부면,145
3202038,신림면,59
3202051,중앙동,79
3202052,원인동,62
3202053,개운동,166
3202054,명륜1동,122
3202055,명륜2동,171
3202056,단구동,633
3202057,일산동,172
3202058,학성동,81
3202060,단계동,411
3202061,우산동,400
3202062,태장1동,142
3202063,태장2동,681
3202064,봉산동,122
3202066,행구동,88
3202067,무실동,421
3202068,반곡관설동,466
3203011,주문진읍,602
3203031,성산면,41
3203032,왕산면,34
3203033,구정면,66
3203034,강동면,140
3203035,옥계면,88
3203036,사천면,88
3203037,연곡면,99
3203051,홍제동,197
3203052,중앙동,120
3203054,옥천동,94
3203055,교1동,387
3203056,교2동,167
3203057,포남1동,184
3203058,포남2동,158
3203059,초당동,65
3203060,송정동,128
3203061,내곡동,649
3203062,강남동,359
3203065,성덕동,286
3203067,경포동,415
3204051,천곡동,380
3204052,송정동,347
3204053,북삼동,209
3204054,부곡동,71
3204055,동호동,95
3204057,발한동,42
3204059,묵호동,217
3204060,북평동,293
3204063,망상동,57
3204065,삼화동,29
3205051,황지동,111
3205052,황연동,88
3205053,삼수동,136
3205054,상장동,200
3205055,구문소동,42
3205056,장성동,31
3205058,철암동,16
3205062,문곡소도동,52
3206051,영랑동,106
3206052,동명동,68
3206054,금호동,151
3206056,교동,180
3206057,노학동,387
3206058,조양동,515
3206059,청호동,361
3206060,대포동,179
3207011,도계읍,179
3207012,원덕읍,150
3207031,근덕면,184
3207032,하장면,41
3207033,노곡면,
3207034,미로면,51
3207035,가곡면,21
3207036,신기면,26
3207051,남양동,157
3207052,성내동,123
3207053,교동,247
3207054,정라동,286
3231011,홍천읍,759
3231031,화촌면,134
3231032,두촌면,34
3231033,내촌면,90
3231034,서석면,164
3231035,동면,84
3231036,남면,226
3231037,서면,80
3231038,북방면,149
3231039,내면,300
3232011,횡성읍,610
3232031,우천면,295
3232032,안흥면,139
3232033,둔내면,191
3232034,갑천면,64
3232035,청일면,44
3232036,공근면,96
3232037,서원면,62
3232038,강림면,48
3233011,영월읍,392
3233012,상동읍,23
3233031,중동면,21
3233033,북면,90
3233034,남면,46
3233036,주천면,66
3233038,김삿갓면,34
3233039,한반도면,46
3233040,무릉도원면,38
3234011,평창읍,214
3234031,미탄면,39
3234032,방림면,62
3234033,대화면,144
3234034,봉평면,129
3234035,용평면,92
3234036,진부면,181
3234037,대관령면,169
3235011,정선읍,156
3235012,고한읍,85
3235013,사북읍,83
3235014,신동읍,113
3235032,남면,130
3235034,북평면,62
3235035,임계면,127
3235036,화암면,66
3235037,여량면,40
3236011,철원읍,124
3236012,김화읍,218
3236013,갈말읍,313
3236014,동송읍,294
3236021,근북면,
3236031,서면,191
3236032,근남면,255
3237011,화천읍,133
3237031,간동면,94
3237032,하남면,88
3237033,상서면,56
3237034,사내면,192
3238011,양구읍,284
3238031,남면,155
3238032,동면,39
3238033,방산면,35
3238034,해안면,89
3239011,인제읍,286
3239031,남면,50
3239032,북면,159
3239033,기린면,104
3239034,서화면,54
3239035,상남면,59
3240011,간성읍,100
3240012,거진읍,330
3240031,현내면,91
3240032,죽왕면,133
3240033,토성면,1083
3241011,양양읍,269
3241031,서면,16
3241032,손양면,91
3241033,현북면,86
3241034,현남면,81
3241035,강현면,118
3302011,주덕읍,653
3302031,살미면,103
3302032,수안보면,144
3302034,신니면,346
3302035,노은면,98
3302036,앙성면,169
3302038,금가면,100
3302039,동량면,148
3302040,산척면,109
3302041,엄정면,84
3302042,소태면,122
3302043,대소원면,985
3302044,중앙탑면,420
3302051,성내·충인동,134
3302053,교현·안림동,395
3302054,교현2동,505
3302055,용산동,271
3302056,지현동,84
3302057,문화동,437
3302058,호암·직동,233
3302060,달천동,1334
3302061,봉방동,477
3302062,칠금·금릉동,402
3302063,연수동,846
3302064,목행·용탄동,701
3303011,봉양읍,179
3303031,금성면,70
3303032,청풍면,33
3303033,수산면,37
3303034,덕산면,74
3303035,한수면,18
3303036,백운면,60
3303037,송학면,106
3303051,교동,350
3303056,용두동,878
3303059,청전동,405
3303060,화산동,403
3303070,남현동,81
3303071,영서동,216
3303072,신백동,236
3303073,의림지동,237
3303074,중앙동,138
3304131,낭성면,53
3304132,미원면,140
3304133,가덕면,149
3304134,남일면,162
3304135,문의면,75
3304151,중앙동,116
3304152,성안동,212
3304153,탑·대성동,128
3304154,영운동,263
3304155,금천동,345
3304156,용담·명암·산성동,72
3304157,용암1동,560
3304158,용암2동,403
3304231,남이면,356
3304232,현도면,207
3304251,사직1동,128
3304252,사직2동,126
3304253,사창동,2003
3304254,모충동,351
3304255,산남동,297
3304256,분평동,347
3304257,수곡1동,320
3304258,수곡2동,259
3304259,성화·개신·죽림동,1289
3304311,오송읍,564
3304331,강내면,592
3304332,옥산면,722
3304351,운천·신봉동,315
3304352,복대1동,1623
3304353,복대2동,1781
3304354,가경동,802
3304355,봉명1동,1871
3304356,봉명2·송정동,944
3304357,강서1동,507
3304358,강서2동,132
3304411,내수읍,787
3304412,오창읍,2528
3304431,북이면,725
3304451,오근장동,261
3304452,우암동,575
3304453,내덕1동,202
3304454,내덕2동,1354
3304455,율량·사천동,837
3332011,보은읍,639
3332031,속리산면,8
3332032,장안면,62
3332033,마로면,80
3332034,탄부면,48
3332035,삼승면,148
3332036,수한면,93
3332037,회남면,37
3332038,회인면,77
3332039,내북면,57
3332040,산외면,78
3333011,옥천읍,921
3333031,동이면,246
3333032,안남면,30
3333033,안내면,61
3333034,청성면,88
3333035,청산면,106
3333036,이원면,153
3333037,군서면,87
3333038,군북면,72
3334011,영동읍,791
3334031,용산면,235
3334032,황간면,145
3334033,추풍령면,56
3334034,매곡면,43
3334035,상촌면,87
3334036,양강면,74
3334037,용화면,22
3334038,학산면,86
3334039,양산면,39
3334040,심천면,56
3335011,진천읍,3116
3335031,덕산읍,2832
3335032,초평면,260
3335033,문백면,548
3335034,백곡면,80
3335035,이월면,1908
3335036,광혜원면,1649
3336011,괴산읍,774
3336031,감물면,77
3336032,장연면,46
3336033,연풍면,92
3336034,칠성면,84
3336035,문광면,79
3336036,청천면,85
3336037,청안면,192
3336038,사리면,221
3336039,소수면,89
3336040,불정면,62
3337011,음성읍,1305
3337012,금왕읍,3645
3337031,소이면,215
3337032,원남면,349
3337033,맹동면,1146
3337034,대소면,4446
3337035,삼성면,2358
3337036,생극면,916
3337037,감곡면,777
3338011,단양읍,189
3338012,매포읍,112
3338031,단성면,41
3338032,대강면,38
3338033,가곡면,31
3338034,영춘면,94
3338035,어상천면,43
3338036,적성면,46
3339014,증평읍,1518
3339031,도안면,200
3401111,목천읍,1244
3401131,풍세면,490
3401132,광덕면,342
3401133,북면,292
3401134,성남면,776
3401135,수신면,618
3401136,병천면,604
3401137,동면,440
3401151,중앙동,548
3401152,문성동,499
3401153,원성1동,468
3401154,원성2동,560
3401155,봉명동,1081
3401156,일봉동,515
3401157,신방동,1126
3401158,청룡동,1292
3401159,신안동,4249
3401211,성환읍,3430
3401212,성거읍,1607
3401213,직산읍,2526
3401231,입장면,1884
3401251,성정1동,1194
3401252,성정2동,1817
3401253,쌍용1동,311
3401254,쌍용2동,867
3401255,쌍용3동,362
3401258,백석동,566
3401259,불당동,992
3401260,부성1동,1680
3401261,부성2동,2047
3402011,유구읍,263
3402031,이인면,112
3402032,탄천면,228
3402033,계룡면,254
3402034,반포면,96
3402036,의당면,232
3402037,정안면,275
3402038,우성면,280
3402039,사곡면,97
3402040,신풍면,192
3402051,중학동,150
3402055,금학동,158
3402056,옥룡동,278
3402057,신관동,1092
3402058,웅진동,205
3402059,월송동,259
3403011,웅천읍,263
3403031,주포면,233
3403032,주교면,373
3403033,오천면,739
3403034,천북면,518
3403035,청소면,138
3403036,청라면,133
3403037,남포면,151
3403038,주산면,52
3403039,미산면,75
3403040,성주면,48
3403051,대천1동,447
3403052,대천2동,266
3403053,대천3동,356
3403054,대천4동,400
3403056,대천5동,765
3404011,염치읍,398
3404012,배방읍,2036
3404031,송악면,87
3404033,탕정면,1363
3404034,음봉면,1828
3404035,둔포면,6640
3404036,영인면,942
3404037,인주면,1143
3404038,선장면,555
3404039,도고면,168
3404040,신창면,7986
3404051,온양1동,750
3404052,온양2동,1352
3404053,온양3동,1514
3404054,온양4동,2118
3404055,온양5동,1924
3404056,온양6동,903
3405011,대산읍,420
3405031,인지면,233
3405032,부석면,128
3405033,팔봉면,102
3405034,지곡면,914
3405035,성연면,565
3405036,음암면,529
3405037,운산면,145
3405038,해미면,1034
3405039,고북면,249
3405051,부춘동,906
3405052,동문1동,928
3405053,동문2동,494
3405054,수석동,680
3405055,석남동,676
3406011,강경읍,256
3406012,연무읍,834
3406031,성동면,631
3406032,광석면,288
3406033,노성면,273
3406034,상월면,219
3406035,부적면,280
3406036,연산면,318
3406037,벌곡면,137
3406038,양촌면,750
3406039,가야곡면,201
3406040,은진면,620
3406041,채운면,81
3406051,취암동,1859
3406052,부창동,614
3407031,두마면,71
3407033,엄사면,314
3407034,신도안면,14
3407051,금암동,107
3408011,합덕읍,1617
3408012,송악읍,2376
3408031,고대면,214
3408032,석문면,399
3408033,대호지면,75
3408034,정미면,220
3408035,면천면,421
3408036,순성면,568
3408037,우강면,178
3408038,신평면,946
3408039,송산면,662
3408051,당진1동,1412
3408052,당진2동,851
3408053,당진3동,385
3431011,금산읍,668
3431031,금성면,279
3431032,제원면,125
3431033,부리면,89
3431034,군북면,187
3431035,남일면,192
3431036,남이면,117
3431037,진산면,134
3431038,복수면,343
3431039,추부면,1801
3433011,부여읍,582
3433031,규암면,383
3433032,은산면,155
3433033,외산면,23
3433034,내산면,40
3433035,구룡면,83
3433036,홍산면,163
3433037,옥산면,49
3433038,남면,29
3433039,충화면,22
3433040,양화면,78
3433041,임천면,152
3433042,장암면,189
3433043,세도면,141
3433044,석성면,343
3433045,초촌면,128
3434011,장항읍,672
3434012,서천읍,299
3434031,마서면,121
3434032,화양면,60
3434033,기산면,19
3434034,한산면,27
3434035,마산면,19
3434036,시초면,13
3434037,문산면,31
3434038,판교면,33
3434039,종천면,137
3434040,비인면,62
3434041,서면,801
3435011,청양읍,460
3435031,운곡면,76
3435032,대치면,89
3435033,정산면,128
3435034,목면,47
3435035,청남면,144
3435036,장평면,101
3435037,남양면,78
3435038,화성면,99
3435039,비봉면,143
3436011,홍성읍,1310
3436012,광천읍,587
3436013,홍북읍,956
3436032,금마면,220
3436033,홍동면,88
3436034,장곡면,221
3436035,은하면,312
3436036,결성면,221
3436037,서부면,99
3436038,갈산면,354
3436039,구항면,226
3437011,예산읍,1205
3437012,삽교읍,450
3437031,대술면,187
3437032,신양면,87
3437033,광시면,122
3437034,대흥면,47
3437035,응봉면,170
3437036,덕산면,367
3437037,봉산면,146
3437038,고덕면,693
3437039,신암면,293
3437040,오가면,357
3438011,태안읍,893
3438012,안면읍,311
3438031,고남면,166
3438032,남면,151
3438033,근흥면,589
3438034,소원면,223
3438035,원북면,100
3438036,이원면,65
3501160,동서학동,111
3501161,서서학동,179
3501162,중화산1동,306
3501163,중화산2동,275
3501164,평화1동,234
3501165,평화2동,464
3501166,서신동,524
3501167,삼천1동,158
3501168,삼천2동,178
3501169,삼천3동,216
3501170,효자1동,160
3501171,효자2동,144
3501172,효자3동,108
3501174,중앙동,355
3501175,풍남동,48
3501176,노송동,171
3501177,완산동,89
3501173,효자4동,2866
3501178,효자5동,680
3501254,인후1동,231
3501255,인후2동,486
3501256,인후3동,649
3501257,덕진동,1020
3501258,금암1동,1717
3501259,금암2동,595
3501260,팔복동,466
3501261,우아1동,238
3501262,우아2동,330
3501263,호성동,261
3501265,송천1동,606
3501266,송천2동,336
3501267,조촌동,403
3501269,진북동,170
3501270,혁신동,95
3501268,여의동,479
3502011,옥구읍,98
3502031,옥산면,77
3502032,회현면,97
3502033,임피면,181
3502034,서수면,192
3502035,대야면,120
3502036,개정면,65
3502037,성산면,129
3502038,나포면,56
3502039,옥도면,811
3502040,옥서면,66
3502051,해신동,136
3502053,월명동,151
3502055,신풍동,100
3502056,삼학동,94
3502060,중앙동,178
3502064,흥남동,282
3502065,조촌동,553
3502066,경암동,561
3502067,구암동,152
3502068,개정동,38
3502069,수송동,928
3502070,나운1동,216
3502071,나운2동,386
3502072,소룡동,2491
3502073,미성동,746
3502074,나운3동,1460
3503011,함열읍,343
3503031,오산면,266
3503032,황등면,344
3503033,함라면,85
3503034,웅포면,23
3503035,성당면,72
3503036,용안면,129
3503037,낭산면,220
3503038,망성면,294
3503039,여산면,175
3503040,금마면,121
3503041,왕궁면,323
3503042,춘포면,309
3503043,삼기면,204
3503044,용동면,80
3503051,중앙동,105
3503053,평화동,142
3503055,인화동,216
3503057,동산동,581
3503058,마동,339
3503059,남중동,243
3503061,모현동,606
3503062,송학동,140
3503065,신동,1920
3503066,영등1동,381
3503069,팔봉동,413
3503070,삼성동,544
3503071,영등2동,311
3503072,어양동,561
3504011,신태인읍,236
3504031,북면,462
3504032,입암면,72
3504033,소성면,148
3504034,고부면,138
3504035,영원면,64
3504036,덕천면,119
3504037,이평면,79
3504038,정우면,60
3504039,태인면,238
3504040,감곡면,154
3504041,옹동면,79
3504042,칠보면,98
3504043,산내면,44
3504044,산외면,65
3504051,수성동,1019
3504052,장명동,102
3504053,내장상동,547
3504054,시기동,109
3504057,연지동,231
3504058,농소동,140
3504059,상교동,133
3504060,초산동,950
3505011,운봉읍,175
3505031,주천면,58
3505032,수지면,48
3505033,송동면,59
3505034,주생면,52
3505035,금지면,59
3505036,대강면,67
3505037,대산면,68
3505038,사매면,46
3505039,덕과면,40
3505040,보절면,41
3505041,산동면,44
3505042,이백면,70
3505043,인월면,93
3505044,아영면,77
3505045,산내면,36
3505051,동충동,74
3505052,죽항동,94
3505054,노암동,268
3505055,금동,200
3505056,왕정동,103
3505057,향교동,303
3505059,도통동,353
3506011,만경읍,212
3506031,죽산면,57
3506032,백산면,225
3506033,용지면,306
3506034,백구면,265
3506035,부량면,26
3506036,공덕면,140
3506037,청하면,44
3506038,성덕면,42
3506039,진봉면,53
3506040,금구면,168
3506041,봉남면,114
3506042,황산면,135
3506043,금산면,163
3506044,광활면,50
3506051,요촌동,431
3506052,신풍동,614
3506054,검산동,512
3506058,교월동,209
3531011,삼례읍,1912
3531012,봉동읍,1637
3531013,용진읍,329
3531032,상관면,575
3531033,이서면,374
3531034,소양면,186
3531035,구이면,131
3531036,고산면,173
3531037,비봉면,169
3531038,운주면,54
3531039,화산면,107
3531040,동상면,15
3531041,경천면,19
3532011,진안읍,388
3532031,용담면,11
3532032,안천면,54
3532033,동향면,80
3532034,상전면,16
3532035,백운면,74
3532036,성수면,66
3532037,마령면,94
3532038,부귀면,69
3532039,정천면,29
3532040,주천면,56
3533011,무주읍,275
3533031,무풍면,74
3533032,설천면,121
3533033,적상면,57
3533034,안성면,116
3533035,부남면,33
3534011,장수읍,426
3534031,산서면,73
3534032,번암면,77
3534033,장계면,181
3534034,천천면,90
3534035,계남면,72
3534036,계북면,57
3535011,임실읍,296
3535031,청웅면,39
3535032,운암면,37
3535033,신평면,61
3535034,성수면,47
3535035,오수면,116
3535036,신덕면,60
3535037,삼계면,46
3535038,관촌면,105
3535039,강진면,49
3535040,덕치면,51
3535041,지사면,33
3536011,순창읍,387
3536031,인계면,67
3536032,동계면,77
3536033,적성면,19
3536034,유등면,26
3536035,풍산면,100
3536036,금과면,41
3536037,팔덕면,51
3536038,복흥면,112
3536039,쌍치면,78
3536040,구림면,57
3537011,고창읍,681
3537031,고수면,118
3537032,아산면,112
3537033,무장면,157
3537034,공음면,106
3537035,상하면,63
3537036,해리면,121
3537037,성송면,96
3537038,대산면,177
3537039,심원면,130
3537040,흥덕면,117
3537041,성내면,74
3537042,신림면,98
3537043,부안면,85
3538011,부안읍,623
3538031,주산면,59
3538032,동진면,70
3538033,행안면,117
3538034,계화면,184
3538035,보안면,128
3538036,변산면,252
3538037,진서면,79
3538038,백산면,55
3538039,상서면,54
3538040,하서면,68
3538041,줄포면,114
3538042,위도면,26
3601051,용당1동,301
3601052,용당2동,169
3601053,연동,156
3601055,산정동,169
3601056,연산동,160
3601057,원산동,397
3601058,대성동,135
3601060,목원동,154
3601062,동명동,338
3601063,삼학동,288
3601064,만호동,65
3601065,유달동,516
3601067,죽교동,63
3601068,북항동,341
3601069,용해동,435
3601070,이로동,274
3601071,상동,318
3601072,하당동,517
3601073,신흥동,402
3601074,삼향동,151
3601075,옥암동,185
3601076,부흥동,232
3601077,부주동,374
3602011,돌산읍,1182
3602031,소라면,364
3602032,율촌면,290
3602033,화양면,320
3602034,남면,177
3602035,화정면,92
3602036,삼산면,120
3602051,동문동,129
3602052,한려동,58
3602053,중앙동,165
3602054,충무동,84
3602055,광림동,168
3602056,서강동,76
3602057,대교동,442
3602058,국동,704
3602059,월호동,421
3602060,여서동,325
3602061,문수동,597
3602062,미평동,333
3602063,둔덕동,285
3602064,만덕동,260
3602065,쌍봉동,467
3602066,시전동,507
3602067,여천동,401
3602068,주삼동,154
3602069,삼일동,180
3602070,묘도동,28
3603011,승주읍,76
3603031,주암면,145
3603032,송광면,50
3603033,외서면,22
3603034,낙안면,165
3603035,별량면,117
3603036,상사면,43
3603037,해룡면,641
3603038,서면,296
3603039,황전면,75
3603040,월등면,58
3603051,향동,61
3603054,매곡동,456
3603055,삼산동,397
3603056,조곡동,67
3603057,덕연동,562
3603058,풍덕동,124
3603059,남제동,254
3603060,저전동,55
3603061,장천동,44
3603062,중앙동,46
3603063,도사동,333
3603066,왕조1동,544
3603067,왕조2동,211
3604011,남평읍,380
3604031,세지면,113
3604032,왕곡면,142
3604033,반남면,64
3604034,공산면,112
3604035,동강면,114
3604036,다시면,202
3604037,문평면,87
3604038,노안면,538
3604039,금천면,129
3604040,산포면,148
3604041,다도면,71
3604042,봉황면,197
3604051,송월동,389
3604052,영강동,182
3604054,금남동,134
3604055,성북동,1000
3604058,영산동,194
3604060,이창동,477
3604061,빛가람동,546
3606011,광양읍,1522
3606031,봉강면,44
3606032,옥룡면,49
3606033,옥곡면,62
3606034,진상면,47
3606035,진월면,102
3606036,다압면,81
3606051,골약동,37
3606053,중마동,1378
3606054,광영동,328
3606055,태인동,72
3606056,금호동,119
3631011,담양읍,556
3631031,봉산면,170
3631032,고서면,92
3631034,창평면,192
3631035,대덕면,19
3631036,무정면,163
3631037,금성면,249
3631038,용면,64
3631039,월산면,97
3631040,수북면,150
3631041,대전면,202
3631033,가사문학면,20
3632011,곡성읍,294
3632031,오곡면,59
3632032,삼기면,67
3632033,석곡면,99
3632034,목사동면,16
3632035,죽곡면,36
3632036,고달면,42
3632037,옥과면,271
3632038,입면,92
3632039,겸면,82
3632040,오산면,57
3633011,구례읍,243
3633031,문척면,42
3633032,간전면,77
3633033,토지면,46
3633034,마산면,50
3633035,광의면,99
3633036,용방면,37
3633037,산동면,98
3635011,고흥읍,291
3635012,도양읍,471
3635031,풍양면,129
3635032,도덕면,160
3635033,금산면,139
3635034,도화면,297
3635035,포두면,129
3635036,봉래면,84
3635037,동일면,64
3635038,점암면,68
3635039,영남면,28
3635040,과역면,49
3635041,남양면,82
3635042,동강면,138
3635043,대서면,63
3635044,두원면,73
3636011,보성읍,232
3636012,벌교읍,427
3636031,노동면,24
3636032,미력면,67
3636033,겸백면,18
3636034,율어면,20
3636035,복내면,71
3636036,문덕면,21
3636037,조성면,128
3636038,득량면,94
3636039,회천면,105
3636040,웅치면,8
3637011,화순읍,1190
3637031,한천면,53
3637032,춘양면,94
3637033,청풍면,33
3637034,이양면,80
3637035,능주면,92
3637036,도곡면,200
3637037,도암면,37
3637038,이서면,19
3637039,백아면,54
3637040,동복면,73
3637041,사평면,30
3637042,동면,122
3638011,장흥읍,534
3638012,관산읍,164
3638013,대덕읍,135
3638031,용산면,97
3638032,안양면,108
3638033,장동면,20
3638034,장평면,103
3638035,유치면,21
3638036,부산면,56
3638037,회진면,84
3639011,강진읍,386
3639031,군동면,161
3639032,칠량면,56
3639033,대구면,30
3639034,마량면,74
3639035,도암면,48
3639036,신전면,87
3639037,성전면,135
3639038,작천면,67
3639039,병영면,45
3639040,옴천면,54
3640011,해남읍,649
3640031,삼산면,39
3640032,화산면,162
3640033,현산면,114
3640034,송지면,390
3640035,북평면,79
3640036,북일면,57
3640037,옥천면,103
3640038,계곡면,95
3640039,마산면,173
3640040,황산면,274
3640041,산이면,219
3640042,문내면,234
3640043,화원면,370
3641011,영암읍,214
3641012,삼호읍,5939
3641031,덕진면,86
3641032,금정면,67
3641033,신북면,128
3641034,시종면,152
3641035,도포면,83
3641036,군서면,163
3641037,서호면,65
3641038,학산면,105
3641039,미암면,59
3642011,무안읍,689
3642012,일로읍,374
3642013,삼향읍,724
3642032,몽탄면,61
3642033,청계면,584
3642034,현경면,265
3642035,망운면,91
3642036,해제면,170
3642037,운남면,131
3643011,함평읍,241
3643031,손불면,140
3643032,신광면,82
3643033,학교면,311
3643034,엄다면,44
3643035,대동면,94
3643036,나산면,110
3643037,해보면,220
3643038,월야면,235
3644011,영광읍,704
3644012,백수읍,160
3644013,홍농읍,213
3644031,대마면,64
3644032,묘량면,67
3644033,불갑면,77
3644034,군서면,110
3644035,군남면,48
3644036,염산면,118
3644037,법성면,371
3644038,낙월면,32
3645011,장성읍,529
3645031,진원면,133
3645032,남면,165
3645033,동화면,310
3645034,삼서면,150
3645035,삼계면,241
3645036,황룡면,331
3645037,서삼면,70
3645038,북일면,76
3645039,북이면,136
3645040,북하면,39
3646011,완도읍,815
3646012,금일읍,329
3646013,노화읍,479
3646031,군외면,204
3646032,신지면,317
3646033,고금면,507
3646034,약산면,162
3646035,청산면,67
3646036,소안면,262
3646037,금당면,46
3646038,보길면,265
3646039,생일면,72
3647011,진도읍,355
3647031,군내면,199
3647032,고군면,589
3647033,의신면,600
3647034,임회면,302
3647035,지산면,160
3647036,조도면,218
3648011,지도읍,213
3648012,압해읍,126
3648031,증도면,60
3648032,임자면,109
3648033,자은면,97
3648034,비금면,87
3648035,도초면,84
3648036,흑산면,304
3648037,하의면,61
3648038,신의면,58
3648039,장산면,77
3648040,안좌면,130
3648041,팔금면,19
3648042,암태면,94
3701111,구룡포읍,1038
3701112,연일읍,540
3701113,오천읍,1344
3701131,대송면,275
3701132,동해면,202
3701133,장기면,312
3701135,호미곶면,172
3701155,송도동,269
3701156,청림동,101
3701157,제철동,66
3701158,효곡동,571
3701159,대이동,258
3701160,상대동,440
3701161,해도동,286
3701211,흥해읍,1625
3701231,신광면,44
3701232,청하면,235
3701233,송라면,196
3701234,기계면,125
3701235,죽장면,56
3701236,기북면,30
3701258,양학동,126
3701261,용흥동,313
3701263,우창동,293
3701264,두호동,242
3701265,장량동,1247
3701266,환여동,150
3701267,중앙동,349
3701268,죽도동,401
3702011,감포읍,717
3702012,안강읍,706
3702013,건천읍,371
3702014,외동읍,4593
3702031,양북면,103
3702032,양남면,152
3702033,내남면,283
3702034,산내면,83
3702035,서면,227
3702036,현곡면,348
3702037,강동면,294
3702038,천북면,386
3702051,중부동,689
3702055,성건동,5692
3702058,월성동,134
3702059,선도동,559
3702062,용강동,359
3702063,황성동,412
3702064,동천동,1430
3702066,불국동,272
3702067,보덕동,36
3702068,황오동,326
3702069,황남동,124
3703011,아포읍,297
3703031,농소면,69
3703032,남면,122
3703033,개령면,71
3703034,감문면,156
3703035,어모면,199
3703036,봉산면,126
3703037,대항면,84
3703038,감천면,55
3703039,조마면,163
3703040,구성면,58
3703041,지례면,133
3703042,부항면,24
3703043,대덕면,66
3703044,증산면,23
3703055,양금동,68
3703056,대신동,1340
3703058,대곡동,419
3703059,지좌동,295
3703060,자산동,247
3703061,평화남산동,242
3703062,율곡동,213
3704011,풍산읍,191
3704031,와룡면,116
3704032,북후면,98
3704033,서후면,131
3704034,풍천면,137
3704035,일직면,134
3704036,남후면,104
3704037,남선면,40
3704038,임하면,65
3704039,길안면,59
3704040,임동면,68
3704041,예안면,49
3704042,도산면,45
3704043,녹전면,61
3704051,중구동,104
3704052,명륜동,50
3704054,용상동,507
3704056,태화동,189
3704058,평화동,75
3704059,안기동,102
3704060,옥동,364
3704061,송하동,313
3704062,서구동,85
3704063,강남동,144
3705011,선산읍,312
3705012,고아읍,516
3705031,무을면,70
3705032,옥성면,48
3705033,도개면,64
3705034,해평면,73
3705035,산동면,660
3705036,장천면,164
3705051,송정동,310
3705052,원평1동,156
3705053,원평2동,56
3705055,도량동,350
3705056,지산동,58
3705057,선주원남동,585
3705059,형곡1동,174
3705060,형곡2동,233
3705061,신평1동,122
3705062,신평2동,86
3705063,비산동,170
3705064,공단1동,292
3705065,공단2동,671
3705066,광평동,89
3705067,상모사곡동,878
3705069,임오동,518
3705070,인동동,993
3705071,진미동,549
3705072,양포동,1323
3706011,풍기읍,354
3706031,이산면,58
3706032,평은면,63
3706033,문수면,85
3706034,장수면,138
3706035,안정면,108
3706036,봉현면,53
3706037,순흥면,30
3706038,단산면,17
3706039,부석면,83
3706051,상망동,137
3706053,하망동,79
3706055,영주1동,77
3706058,영주2동,86
3706059,휴천1동,101
3706060,휴천2동,197
3706061,휴천3동,118
3706062,가흥1동,318
3706063,가흥2동,187
3707011,금호읍,748
3707031,청통면,284
3707032,신녕면,654
3707033,화산면,107
3707034,화북면,26
3707035,화남면,69
3707036,자양면,19
3707037,임고면,172
3707038,고경면,291
3707039,북안면,223
3707040,대창면,473
3707051,동부동,1088
3707052,중앙동,237
3707053,서부동,101
3707054,완산동,180
3707055,남부동,540
3708011,함창읍,174
3708031,사벌국면,71
3708032,중동면,42
3708033,낙동면,80
3708034,청리면,81
3708035,공성면,130
3708036,외남면,48
3708037,내서면,65
3708038,모동면,162
3708039,모서면,109
3708040,화동면,133
3708041,화서면,111
3708042,화북면,27
3708043,외서면,77
3708044,은척면,50
3708045,공검면,36
3708046,이안면,46
3708047,화남면,37
3708052,남원동,186
3708053,북문동,240
3708054,계림동,176
3708055,동문동,209
3708056,동성동,105
3708057,신흥동,177
3709011,문경읍,181
3709012,가은읍,115
3709031,영순면,70
3709032,산양면,106
3709033,호계면,92
3709034,산북면,89
3709035,동로면,95
3709036,마성면,105
3709037,농암면,101
3709057,점촌1동,103
3709058,점촌2동,199
3709059,점촌3동,251
3709060,점촌4동,102
3709061,점촌5동,201
3710011,하양읍,1723
3710012,진량읍,4914
3710031,와촌면,410
3710032,자인면,827
3710033,용성면,81
3710034,남산면,231
3710035,압량읍,814
3710036,남천면,222
3710051,중앙동,137
3710052,동부동,1825
3710053,서부1동,494
3710054,남부동,319
3710055,북부동,3822
3710056,중방동,139
3710057,서부2동,232
3731011,군위읍,424
3731031,소보면,50
3731032,효령면,275
3731033,부계면,16
3731034,우보면,37
3731035,의흥면,45
3731036,산성면,22
3731037,고로면,50
3732011,의성읍,370
3732031,단촌면,101
3732032,점곡면,13
3732033,옥산면,36
3732034,사곡면,42
3732035,춘산면,49
3732036,가음면,35
3732037,금성면,111
3732038,봉양면,145
3732039,비안면,49
3732040,구천면,40
3732041,단밀면,33
3732042,단북면,45
3732043,안계면,83
3732044,다인면,98
3732045,신평면,30
3732046,안평면,47
3732047,안사면,15
3733011,청송읍,110
3733032,부남면,86
3733033,현동면,53
3733034,현서면,40
3733035,안덕면,78
3733036,파천면,51
3733037,진보면,144
3733031,주왕산면,54
3734011,영양읍,187
3734031,입암면,73
3734032,청기면,72
3734033,일월면,58
3734034,수비면,76
3734035,석보면,80
3735011,영덕읍,310
3735031,강구면,404
3735032,남정면,161
3735033,달산면,28
3735034,지품면,78
3735035,축산면,297
3735036,영해면,226
3735037,병곡면,150
3735038,창수면,31
3736011,화양읍,180
3736012,청도읍,306
3736031,각남면,86
3736032,풍각면,626
3736033,각북면,64
3736034,이서면,345
3736035,운문면,16
3736036,금천면,146
3736037,매전면,36
3737012,대가야읍,531
3737031,덕곡면,38
3737032,운수면,65
3737033,성산면,228
3737034,다산면,1126
3737035,개진면,290
3737036,우곡면,66
3737037,쌍림면,219
3738011,성주읍,903
3738031,선남면,741
3738032,용암면,168
3738033,수륜면,91
3738034,가천면,36
3738035,금수면,19
3738036,대가면,81
3738037,벽진면,87
3738038,초전면,137
3738039,월항면,380
3739011,왜관읍,2581
3739012,북삼읍,642
3739013,석적읍,1127
3739031,지천면,376
3739032,동명면,117
3739033,가산면,390
3739036,약목면,529
3739037,기산면,225
3740011,예천읍,486
3740031,용문면,106
3740034,감천면,100
3740035,보문면,81
3740036,호명면,288
3740037,유천면,63
3740038,용궁면,79
3740039,개포면,61
3740040,지보면,98
3740041,풍양면,86
3740042,효자면,43
3740043,은풍면,47
3741011,봉화읍,340
3741031,물야면,82
3741032,봉성면,55
3741033,법전면,69
3741034,춘양면,115
3741035,소천면,29
3741036,석포면,105
3741037,재산면,14
3741038,명호면,54
3741039,상운면,27
3742011,울진읍,218
3742012,평해읍,77
3742031,북면,83
3742033,근남면,100
3742035,기성면,173
3742036,온정면,58
3742037,죽변면,466
3742038,후포면,857
3742039,금강송면,39
3742040,매화면,175
3743011,울릉읍,179
3743031,서면,36
3743032,북면,62
3803011,문산읍,550
3803031,내동면,136
3803032,정촌면,498
3803033,금곡면,117
3803034,진성면,130
3803035,일반성면,111
3803036,이반성면,147
3803037,사봉면,328
3803038,지수면,78
3803039,대곡면,336
3803040,금산면,307
3803041,집현면,132
3803042,미천면,56
3803043,명석면,115
3803044,대평면,30
3803045,수곡면,168
3803065,상평동,913
3803066,초장동,148
3803067,평거동,201
3803068,신안동,119
3803069,이현동,97
3803070,판문동,248
3803071,가호동,1134
3803072,천전동,381
3803073,성북동,224
3803074,중앙동,236
3803075,상봉동,239
3803076,충무공동,211
3803077,상대동,952
3803078,하대동,711
3805011,산양읍,499
3805031,용남면,658
3805032,도산면,491
3805033,광도면,1313
3805034,욕지면,241
3805035,한산면,208
3805036,사량면,141
3805052,명정동,102
3805053,중앙동,219
3805054,정량동,682
3805055,북신동,277
3805056,무전동,414
3805062,도천동,475
3805063,미수동,374
3805064,봉평동,368
3806011,사천읍,622
3806031,정동면,255
3806032,사남면,944
3806033,용현면,280
3806034,축동면,238
3806035,곤양면,201
3806036,곤명면,126
3806037,서포면,128
3806051,동서동,569
3806052,선구동,408
3806053,동서금동,349
3806055,벌용동,389
3806057,향촌동,553
3806059,남양동,116
3807011,진영읍,5139
3807032,주촌면,2081
3807033,진례면,2336
3807034,한림면,2767
3807035,생림면,1103
3807036,상동면,1112
3807037,대동면,145
3807051,동상동,1284
3807052,회현동,816
3807053,부원동,919
3807054,내외동,3018
3807055,북부동,2182
3807056,칠산서부동,267
3807058,활천동,1534
3807059,삼안동,2109
3807060,불암동,252
3807061,장유1동,1568
3807062,장유2동,560
3807063,장유3동,688
3808011,삼랑진읍,529
3808012,하남읍,345
3808031,부북면,512
3808032,상동면,252
3808033,산외면,429
3808034,산내면,111
3808035,단장면,374
3808036,상남면,404
3808037,초동면,305
3808038,무안면,238
3808039,청도면,131
3808051,내일동,72
3808052,내이동,477
3808053,교동,194
3808054,삼문동,332
3808055,가곡동,182
3809031,일운면,369
3809032,동부면,190
3809033,남부면,93
3809034,거제면,213
3809035,둔덕면,324
3809036,사등면,491
3809037,연초면,631
3809038,하청면,244
3809039,장목면,269
3809053,능포동,243
3809054,아주동,1930
3809055,옥포1동,963
3809056,옥포2동,961
3809057,장평동,2322
3809058,고현동,1357
3809059,상문동,459
3809060,수양동,393
3809061,장승포동,466
3810012,물금읍,1371
3810031,동면,421
3810032,원동면,98
3810033,상북면,619
3810034,하북면,215
3810052,삼성동,1922
3810053,강서동,969
3810054,서창동,2295
3810055,소주동,1321
3810056,평산동,545
3810057,덕계동,371
3810058,중앙동,619
3810059,양주동,506
3811111,동읍,459
3811131,북면,617
3811132,대산면,482
3811151,의창동,589
3811152,팔룡동,1652
3811153,명곡동,1294
3811154,봉림동,1044
3811155,용지동,590
3811251,반송동,525
3811252,중앙동,1703
3811253,상남동,375
3811254,사파동,570
3811255,가음정동,586
3811256,성주동,720
3811257,웅남동,1208
3811331,구산면,318
3811332,진동면,423
3811333,진북면,494
3811334,진전면,175
3811351,현동,237
3811352,가포동,32
3811353,월영동,738
3811354,문화동,239
3811357,완월동,124
3811358,자산동,115
3811361,교방동,116
3811364,합포동,94
3811365,산호동,280
3811366,반월중앙동,199
3811367,오동동,301
3811411,내서읍,1017
3811451,회원1동,139
3811452,회원2동,99
3811455,회성동,117
3811456,양덕1동,176
3811457,양덕2동,268
3811458,합성1동,129
3811459,합성2동,327
3811460,구암1동,179
3811461,구암2동,307
3811462,봉암동,944
3811463,석전동,281
3811553,충무동,186
3811554,여좌동,138
3811555,태백동,47
3811556,경화동,154
3811557,병암동,107
3811558,석동,273
3811559,이동,223
3811560,자은동,264
3811561,덕산동,108
3811562,풍호동,184
3811563,웅천동,446
3811564,웅동1동,989
3811565,웅동2동,2999
3831011,의령읍,505
3831031,가례면,76
3831032,칠곡면,71
3831033,대의면,43
3831034,화정면,95
3831035,용덕면,62
3831036,정곡면,47
3831037,지정면,43
3831038,낙서면,13
3831039,부림면,145
3831040,봉수면,123
3831041,궁류면,27
3831042,유곡면,32
3832011,가야읍,729
3832012,칠원읍,1091
3832031,함안면,150
3832032,군북면,1146
3832033,법수면,452
3832034,대산면,182
3832035,칠서면,988
3832036,칠북면,234
3832038,산인면,204
3832039,여항면,9
3833011,창녕읍,1184
3833012,남지읍,675
3833031,고암면,98
3833032,성산면,99
3833033,대합면,407
3833034,이방면,69
3833035,유어면,64
3833036,대지면,187
3833037,계성면,292
3833038,영산면,604
3833039,장마면,167
3833040,도천면,248
3833041,길곡면,37
3833042,부곡면,77
3834011,고성읍,908
3834031,삼산면,212
3834032,하일면,146
3834033,하이면,89
3834034,상리면,47
3834035,대가면,32
3834036,영현면,
3834037,영오면,52
3834038,개천면,48
3834039,구만면,24
3834040,회화면,163
3834041,마암면,25
3834042,동해면,288
3834043,거류면,237
3835011,남해읍,219
3835031,이동면,167
3835032,상주면,135
3835033,삼동면,243
3835034,미조면,273
3835035,남면,53
3835036,서면,31
3835037,고현면,65
3835038,설천면,74
3835039,창선면,247
3836011,하동읍,183
3836031,화개면,39
3836032,악양면,76
3836033,적량면,60
3836034,횡천면,24
3836035,고전면,49
3836036,금남면,177
3836037,금성면,46
3836038,진교면,154
3836039,양보면,39
3836040,북천면,70
3836041,청암면,36
3836042,옥종면,266
3837011,산청읍,205
3837031,차황면,44
3837032,오부면,62
3837033,생초면,55
3837034,금서면,91
3837035,삼장면,31
3837036,시천면,239
3837037,단성면,217
3837038,신안면,197
3837039,생비량면,79
3837040,신등면,61
3838011,함양읍,433
3838031,마천면,43
3838032,휴천면,46
3838033,유림면,51
3838034,수동면,164
3838035,지곡면,75
3838036,안의면,173
3838037,서하면,41
3838038,서상면,48
3838039,백전면,44
3838040,병곡면,32
3839011,거창읍,755
3839031,주상면,29
3839032,웅양면,80
3839033,고제면,18
3839034,북상면,47
3839035,위천면,105
3839036,마리면,39
3839037,남상면,146
3839038,남하면,30
3839039,신원면,51
3839040,가조면,66
3839041,가북면,17
3840011,합천읍,222
3840031,봉산면,24
3840032,묘산면,43
3840033,가야면,135
3840034,야로면,112
3840035,율곡면,136
3840036,초계면,67
3840037,쌍책면,17
3840038,덕곡면,22
3840039,청덕면,77
3840040,적중면,59
3840041,대양면,47
3840042,쌍백면,31
3840043,삼가면,51
3840044,가회면,73
3840045,대병면,79
3840046,용주면,83
3901011,한림읍,2756
3901012,애월읍,1886
3901013,구좌읍,1029
3901014,조천읍,1179
3901031,한경면,631
3901032,추자면,398
3901033,우도면,50
3901051,일도1동,149
3901052,일도2동,675
3901053,이도1동,212
3901054,이도2동,1073
3901055,삼도1동,310
3901056,삼도2동,414
3901057,용담1동,174
3901058,용담2동,391
3901059,건입동,412
3901060,화북동,724
3901061,삼양동,575
3901062,봉개동,194
3901063,아라동,1707
3901064,오라동,450
3901065,연동,3106
3901066,노형동,3272
3901067,외도동,640
3901068,이호동,313
3901069,도두동,171
3902011,대정읍,2873
3902012,남원읍,915
3902013,성산읍,1502
3902031,안덕면,648
3902032,표선면,687
3902051,송산동,464
3902052,정방동,191
3902053,중앙동,172
3902054,천지동,174
3902055,효돈동,140
3902056,영천동,273
3902057,동홍동,768
3902058,서홍동,266
3902059,대륜동,429
3902060,대천동,427
3902061,중문동,530
3902062,예래동,223
